"Timestamp","Value","CPU freq","Memory freq"
0.010460,2.430858,1000,200
0.020943,2.690210,1000,200
0.031425,2.715335,1000,200
0.041901,2.720157,1000,200
0.052383,2.746283,1000,200
0.062866,2.735067,1000,200
0.073341,2.738710,1000,200
0.083824,2.734393,1000,200
0.094299,2.727616,1000,200
0.104782,2.727787,1000,200
0.115265,2.727746,1000,200
0.125740,2.726603,1000,200
0.136223,2.743312,1000,200
0.146706,2.722783,1000,200
0.157181,2.746490,1000,200
0.167664,2.715163,1000,200
0.178146,2.733248,1000,200
0.188622,2.747732,1000,200
0.199104,2.739546,1000,200
0.209579,2.741585,1000,200
0.220062,2.727164,1000,200
0.230545,2.724993,1000,200
0.241020,2.726700,1000,200
0.251503,2.741035,1000,200
0.261986,2.733446,1000,200
0.272461,2.748249,1000,200
0.282944,2.725052,1000,200
0.293427,2.727209,1000,200
0.303902,2.733110,1000,200
0.314384,2.738747,1000,200
0.324860,2.732768,1000,200
0.335342,2.741662,1000,200
0.345825,2.717350,1000,200
0.356300,2.730482,1000,200
0.366783,2.725974,1000,200
0.377266,2.734376,1000,200
0.387741,2.733170,1000,200
0.398224,2.723330,1000,200
0.408699,2.734020,1000,200
0.419182,2.718185,1000,200
0.429665,2.742557,1000,200
0.440140,2.723145,1000,200
0.450623,2.741784,1000,200
0.461105,2.729115,1000,200
0.471581,2.739148,1000,200
0.482063,2.724605,1000,200
0.492546,2.741101,1000,200
0.503021,2.734462,1000,200
0.513504,2.730007,1000,200
0.523979,2.730428,1000,200
0.534462,2.736322,1000,200
0.544945,2.736506,1000,200
0.555420,2.731577,1000,200
0.565903,2.730037,1000,200
0.576385,2.716172,1000,200
0.586861,2.746425,1000,200
0.597343,2.725226,1000,200
0.607826,2.746054,1000,200
0.618301,2.728602,1000,200
0.628784,2.733535,1000,200
0.639259,2.724790,1000,200
0.649742,2.740681,1000,200
0.660225,2.728069,1000,200
0.670700,2.734789,1000,200
0.681183,2.725970,1000,200
0.691666,2.739033,1000,200
0.702141,2.729677,1000,200
0.712624,2.733891,1000,200
0.723106,2.731412,1000,200
0.733582,2.733895,1000,200
0.744064,2.720606,1000,200
0.754539,2.727316,1000,200
0.765022,2.731994,1000,200
0.775505,2.733521,1000,200
0.785980,2.746786,1000,200
0.796463,2.725258,1000,200
0.806946,2.733678,1000,200
0.817421,2.722023,1000,200
0.827904,2.729515,1000,200
0.838387,2.733505,1000,200
0.848862,2.730029,1000,200
0.859344,2.739735,1000,200
0.869820,2.725051,1000,200
0.880302,2.733910,1000,200
0.890785,2.724319,1000,200
0.901260,2.731959,1000,200
0.911743,2.741500,1000,200
0.922226,2.745309,1000,200
0.932701,2.721262,1000,200
0.943184,2.746963,1000,200
0.953659,2.734899,1000,200
0.964142,2.726527,1000,200
0.974625,2.713814,1000,200
0.985100,2.731566,1000,200
0.995583,2.722178,1000,200
1.006065,2.721358,1000,200
1.016541,2.724754,1000,200
1.027023,2.713700,1000,200
1.037506,2.714865,1000,200
1.047981,2.724632,1000,200
1.058464,2.730086,1000,200
1.068939,2.733135,1000,200
1.079422,2.749047,1000,200
1.089905,2.726372,1000,200
1.100380,2.735961,1000,200
1.110863,2.774664,1000,200
1.121346,2.741891,1000,200
1.131821,2.724574,1000,200
1.142303,2.728152,1000,200
1.152786,2.729412,1000,200
1.163261,2.736778,1000,200
1.173744,2.729913,1000,200
1.184219,2.721307,1000,200
1.194702,2.732340,1000,200
1.205185,2.746233,1000,200
1.215660,2.748735,1000,200
1.226143,2.726248,1000,200
1.236626,2.735799,1000,200
1.247101,2.728487,1000,200
1.257584,2.726003,1000,200
1.268066,2.738439,1000,200
1.278542,2.735958,1000,200
1.289024,2.726909,1000,200
1.299500,2.743498,1000,200
1.309982,2.734283,1000,200
1.320465,2.736227,1000,200
1.330940,2.726309,1000,200
1.341423,2.732399,1000,200
1.351906,2.716675,1000,200
1.362381,2.720030,1000,200
1.372864,2.735553,1000,200
1.383347,2.730225,1000,200
1.393822,2.736249,1000,200
1.404305,2.731660,1000,200
1.414780,2.741604,1000,200
1.425262,2.725711,1000,200
1.435745,2.726084,1000,200
1.446220,2.712707,1000,200
1.456703,2.740625,1000,200
1.467186,2.731487,1000,200
1.477661,2.734035,1000,200
1.488144,2.737567,1000,200
1.498619,2.737655,1000,200
1.509102,2.727196,1000,200
1.519585,2.745368,1000,200
1.530060,2.716785,1000,200
1.540543,2.741086,1000,200
1.551025,2.730208,1000,200
1.561501,2.723586,1000,200
1.571983,2.743760,1000,200
1.582466,2.726002,1000,200
1.592941,2.736384,1000,200
1.603424,2.716776,1000,200
1.613899,2.733058,1000,200
1.624382,2.744753,1000,200
1.634865,2.737144,1000,200
1.645340,2.725829,1000,200
1.655823,2.739141,1000,200
1.666306,2.716523,1000,200
1.676781,2.737450,1000,200
1.687263,2.744402,1000,200
1.697746,2.723323,1000,200
1.708221,2.738482,1000,200
1.718704,2.743985,1000,200
1.729179,2.738016,1000,200
1.739662,2.726001,1000,200
1.750145,2.732758,1000,200
1.760620,2.721729,1000,200
1.771103,2.732188,1000,200
1.781586,2.713225,1000,200
1.792061,2.727113,1000,200
1.802544,2.714446,1000,200
1.813026,2.722826,1000,200
1.823502,2.732135,1000,200
1.833984,2.715579,1000,200
1.844460,2.716437,1000,200
1.854942,2.725648,1000,200
1.865425,2.712552,1000,200
1.875900,2.726946,1000,200
1.886383,2.720296,1000,200
1.896866,2.743881,1000,200
1.907341,2.723427,1000,200
1.917824,2.740971,1000,200
1.928307,2.728506,1000,200
1.938782,2.732337,1000,200
1.949265,2.724820,1000,200
1.959740,2.737852,1000,200
1.970222,2.733271,1000,200
1.980705,2.735632,1000,200
1.991180,2.719444,1000,200
2.001663,2.713450,1000,200
2.012146,2.729032,1000,200
2.022621,2.720828,1000,200
2.033104,2.719595,1000,200
2.043579,2.710875,1000,200
2.054062,2.731754,1000,200
2.064545,2.728124,1000,200
2.075020,2.726965,1000,200
2.085503,2.724000,1000,200
2.095985,2.744553,1000,200
2.106461,2.725832,1000,200
2.116943,2.738463,1000,200
2.127426,2.749689,1000,200
2.137901,2.800925,1000,200
2.148384,2.729871,1000,200
2.158859,2.743207,1000,200
2.169342,2.727897,1000,200
2.179825,2.728240,1000,200
2.190300,2.728904,1000,200
2.200783,2.738160,1000,200
2.211266,2.728333,1000,200
2.221741,2.745090,1000,200
2.232224,2.750131,1000,200
2.242706,2.720215,1000,200
2.253181,2.736421,1000,200
2.263664,2.727334,1000,200
2.274139,2.736074,1000,200
2.284622,2.730743,1000,200
2.295105,2.736569,1000,200
2.305580,2.726337,1000,200
2.316063,2.741412,1000,200
2.326546,2.727590,1000,200
2.337021,2.733737,1000,200
2.347504,2.733324,1000,200
2.357986,2.737098,1000,200
2.368462,2.742397,1000,200
2.378944,2.733591,1000,200
2.389420,2.717074,1000,200
2.399902,2.734678,1000,200
2.410385,2.730782,1000,200
2.420860,2.724879,1000,200
2.431343,2.740221,1000,200
2.441826,2.719179,1000,200
2.452301,2.739286,1000,200
2.462784,2.718915,1000,200
2.473267,2.731891,1000,200
2.483742,2.734268,1000,200
2.494225,2.737870,1000,200
2.504700,2.729302,1000,200
2.515182,2.741371,1000,200
2.525665,2.734017,1000,200
2.536140,2.744178,1000,200
2.546623,2.726409,1000,200
2.557106,2.738718,1000,200
2.567581,2.728002,1000,200
2.578064,2.725542,1000,200
2.588539,2.736088,1000,200
2.599022,2.737162,1000,200
2.609505,2.739959,1000,200
2.619980,2.733373,1000,200
2.630463,2.736044,1000,200
2.640945,2.739809,1000,200
2.651421,2.732212,1000,200
2.661903,2.725099,1000,200
2.672386,2.741713,1000,200
2.682861,2.731470,1000,200
2.693344,2.744826,1000,200
2.703819,2.731899,1000,200
2.714302,2.737107,1000,200
2.724785,2.726631,1000,200
2.735260,2.761255,1000,200
2.745743,2.718435,1000,200
2.756226,2.740342,1000,200
2.766701,2.720559,1000,200
2.777184,2.740356,1000,200
2.787666,2.734057,1000,200
2.798141,2.734569,1000,200
2.808624,2.719212,1000,200
2.819099,2.728825,1000,200
2.829582,2.723176,1000,200
2.840065,2.729469,1000,200
2.850540,2.714322,1000,200
2.861023,2.725370,1000,200
2.871506,2.721297,1000,200
2.881981,2.721360,1000,200
2.892464,2.713468,1000,200
2.902946,2.730612,1000,200
2.913422,2.717666,1000,200
2.923904,2.740023,1000,200
2.934380,2.750242,1000,200
2.944862,2.734235,1000,200
2.955345,2.732529,1000,200
2.965820,2.726865,1000,200
2.976303,2.744267,1000,200
2.986786,2.724798,1000,200
2.997261,2.719820,1000,200
3.007744,2.743134,1000,200
3.018219,2.717100,1000,200
3.028702,2.746067,1000,200
3.039185,2.729337,1000,200
3.049660,2.705847,1000,200
3.060143,2.730016,1000,200
3.070625,2.701639,1000,200
3.081100,2.740530,1000,200
3.091583,2.725488,1000,200
3.102066,2.715245,1000,200
3.112541,2.732952,1000,200
3.123024,2.754782,1000,200
3.133499,2.734277,1000,200
3.143982,2.731722,1000,200
3.154465,2.732411,1000,200
3.164940,2.734518,1000,200
3.175423,2.724107,1000,200
3.185905,2.750825,1000,200
3.196381,2.735476,1000,200
3.206863,2.742290,1000,200
3.217346,2.722788,1000,200
3.227821,2.739625,1000,200
3.238304,2.728894,1000,200
3.248779,2.741322,1000,200
3.259262,2.746076,1000,200
3.269745,2.729436,1000,200
3.280220,2.748253,1000,200
3.290703,2.722850,1000,200
3.301186,2.742227,1000,200
3.311661,2.729107,1000,200
3.322144,2.734115,1000,200
3.332626,2.734756,1000,200
3.343102,2.742594,1000,200
3.353584,2.723588,1000,200
3.364059,2.737926,1000,200
3.374542,2.731707,1000,200
3.385025,2.736959,1000,200
3.395500,2.740643,1000,200
3.405983,2.725808,1000,200
3.416466,2.730391,1000,200
3.426941,2.731931,1000,200
3.437424,2.737970,1000,200
3.447906,2.730530,1000,200
3.458382,2.725762,1000,200
3.468864,2.745051,1000,200
3.479340,2.753307,1000,200
3.489822,2.715788,1000,200
3.500305,2.743786,1000,200
3.510780,2.729134,1000,200
3.521263,2.730036,1000,200
3.531746,2.739292,1000,200
3.542221,2.742153,1000,200
3.552704,2.724025,1000,200
3.563179,2.747563,1000,200
3.573662,2.728018,1000,200
3.584145,2.750136,1000,200
3.594620,2.722098,1000,200
3.605103,2.726870,1000,200
3.615585,2.738101,1000,200
3.626060,2.727631,1000,200
3.636543,2.752769,1000,200
3.647026,2.733068,1000,200
3.657501,2.730689,1000,200
3.667984,2.732147,1000,200
3.678459,2.732483,1000,200
3.688942,2.739345,1000,200
3.699425,2.737239,1000,200
3.709900,2.721371,1000,200
3.720383,2.743809,1000,200
3.730865,2.729617,1000,200
3.741341,2.749879,1000,200
3.751823,2.729264,1000,200
3.762306,2.748631,1000,200
3.772781,2.735179,1000,200
3.783264,2.744746,1000,200
3.793739,2.722269,1000,200
3.804222,2.730917,1000,200
3.814705,2.734846,1000,200
3.825180,2.743712,1000,200
3.835663,2.729830,1000,200
3.846146,2.715791,1000,200
3.856621,2.744490,1000,200
3.867104,2.723038,1000,200
3.877586,2.726237,1000,200
3.888062,2.722804,1000,200
3.898544,2.717729,1000,200
3.909019,2.710013,1000,200
3.919502,2.726768,1000,200
3.929985,2.724210,1000,200
3.940460,2.738403,1000,200
3.950943,2.738311,1000,200
3.961426,2.726846,1000,200
3.971901,2.745635,1000,200
3.982384,2.728950,1000,200
3.992867,2.741272,1000,200
4.003342,2.729662,1000,200
4.013824,2.735174,1000,200
4.024300,2.718447,1000,200
4.034782,2.731863,1000,200
4.045265,2.727938,1000,200
4.055740,2.736582,1000,200
4.066223,2.720510,1000,200
4.076706,2.715358,1000,200
4.087181,2.715376,1000,200
4.097664,2.733573,1000,200
4.108139,2.718049,1000,200
4.118622,2.723334,1000,200
4.129105,2.714200,1000,200
4.139580,2.733947,1000,200
4.150063,2.756937,1000,200
4.160545,2.775730,1000,200
4.171021,2.729046,1000,200
4.181503,2.797009,1000,200
4.191986,2.730028,1000,200
4.202461,2.730816,1000,200
4.212944,2.739730,1000,200
4.223419,2.735920,1000,200
4.233902,2.720790,1000,200
4.244385,2.734534,1000,200
4.254860,2.730062,1000,200
4.265343,2.732044,1000,200
4.275826,2.728682,1000,200
4.286301,2.714376,1000,200
4.296783,2.733779,1000,200
4.307266,2.717219,1000,200
4.317741,2.725935,1000,200
4.328224,2.723702,1000,200
4.338699,2.726691,1000,200
4.349182,2.731343,1000,200
4.359665,2.736207,1000,200
4.370140,2.733874,1000,200
4.380623,2.746820,1000,200
4.391106,2.728662,1000,200
4.401581,2.738037,1000,200
4.412064,2.737480,1000,200
4.422546,2.722063,1000,200
4.433022,2.748294,1000,200
4.443504,2.720594,1000,200
4.453979,2.729306,1000,200
4.464462,2.709996,1000,200
4.474945,2.728581,1000,200
4.485420,2.728618,1000,200
4.495903,2.725142,1000,200
4.506386,2.721806,1000,200
4.516861,2.712998,1000,200
4.527344,2.743242,1000,200
4.537827,2.724229,1000,200
4.548302,2.741130,1000,200
4.558784,2.725574,1000,200
4.569260,2.741825,1000,200
4.579742,2.730015,1000,200
4.590225,2.739849,1000,200
4.600700,2.729493,1000,200
4.611183,2.732132,1000,200
4.621666,2.739518,1000,200
4.632141,2.745690,1000,200
4.642624,2.732986,1000,200
4.653099,2.738755,1000,200
4.663582,2.739295,1000,200
4.674065,2.729589,1000,200
4.684540,2.748535,1000,200
4.695023,2.723309,1000,200
4.705505,2.731353,1000,200
4.715981,2.733136,1000,200
4.726463,2.736482,1000,200
4.736946,2.727575,1000,200
4.747421,2.735334,1000,200
4.757904,2.733489,1000,200
4.768379,2.744097,1000,200
4.778862,2.739038,1000,200
4.789345,2.738422,1000,200
4.799820,2.737196,1000,200
4.810303,2.727810,1000,200
4.820786,2.729994,1000,200
4.831261,2.730079,1000,200
4.841743,2.738436,1000,200
4.852226,2.732719,1000,200
4.862701,2.726748,1000,200
4.873184,2.716194,1000,200
4.883659,2.723952,1000,200
4.894142,2.715149,1000,200
4.904625,2.737366,1000,200
4.915100,2.718178,1000,200
4.925583,2.726205,1000,200
4.936066,2.716480,1000,200
4.946541,2.726407,1000,200
4.957024,2.728912,1000,200
4.967506,2.732693,1000,200
4.977982,2.737175,1000,200
4.988464,2.733632,1000,200
4.998940,2.738366,1000,200
5.009422,2.730295,1000,200
5.019905,2.737390,1000,200
5.030380,2.720537,1000,200
5.040863,2.745485,1000,200
5.051346,2.731688,1000,200
5.061821,2.744781,1000,200
5.072304,2.740271,1000,200
5.082787,2.909468,1000,200
5.093262,2.728987,1000,200
5.103745,2.745751,1000,200
5.114220,2.726055,1000,200
5.124702,2.737045,1000,200
5.135185,2.727348,1000,200
5.145660,2.727898,1000,200
5.156143,2.738399,1000,200
5.166626,2.718628,1000,200
5.177101,2.749513,1000,200
5.187584,2.729220,1000,200
5.198059,2.737323,1000,200
5.208542,2.810508,1000,200
5.219025,2.738703,1000,200
5.229500,2.719351,1000,200
5.239983,2.745889,1000,200
5.250465,2.717286,1000,200
5.260941,2.761053,1000,200
5.271423,2.720375,1000,200
5.281906,2.748796,1000,200
5.292381,2.741976,1000,200
5.302864,2.742256,1000,200
5.313339,2.733296,1000,200
5.323822,2.740317,1000,200
5.334305,2.729659,1000,200
5.344780,2.730567,1000,200
5.355263,2.739393,1000,200
5.365746,2.733723,1000,200
5.376221,2.739076,1000,200
5.386703,2.733246,1000,200
5.397186,2.720639,1000,200
5.407661,2.736082,1000,200
5.418144,2.737519,1000,200
5.428619,2.743546,1000,200
5.439102,2.732689,1000,200
5.449585,2.717595,1000,200
5.460060,2.741724,1000,200
5.470543,2.720009,1000,200
5.481026,2.726939,1000,200
5.491501,2.722722,1000,200
5.501984,2.725242,1000,200
5.512466,2.722751,1000,200
5.522942,2.719515,1000,200
5.533424,2.710375,1000,200
5.543900,2.736977,1000,200
5.554382,2.718871,1000,200
5.564865,2.737444,1000,200
5.575340,2.726305,1000,200
5.585823,2.733718,1000,200
5.596306,2.732557,1000,200
5.606781,2.745602,1000,200
5.617264,2.727697,1000,200
5.627747,2.724349,1000,200
5.638222,2.749820,1000,200
5.648705,2.736836,1000,200
5.659180,2.744715,1000,200
5.669662,2.735683,1000,200
5.680145,2.736179,1000,200
5.690620,2.714949,1000,200
5.701103,2.738646,1000,200
5.711586,2.731833,1000,200
5.722061,2.737082,1000,200
5.732544,2.725931,1000,200
5.743019,2.752308,1000,200
5.753502,2.731188,1000,200
5.763985,2.746644,1000,200
5.774460,2.730143,1000,200
5.784943,2.740141,1000,200
5.795425,2.737469,1000,200
5.805901,2.730133,1000,200
5.816383,2.731010,1000,200
5.826866,2.734896,1000,200
5.837341,2.752691,1000,200
5.847824,2.732999,1000,200
5.858299,2.737350,1000,200
5.868782,2.731545,1000,200
5.879265,2.735632,1000,200
5.889740,2.719492,1000,200
5.900223,2.725969,1000,200
5.910706,2.721198,1000,200
5.921181,2.715348,1000,200
5.931664,2.737978,1000,200
5.942146,2.715276,1000,200
5.952621,2.726069,1000,200
5.963104,2.712285,1000,200
5.973579,2.723414,1000,200
5.984062,2.738316,1000,200
5.994545,2.742695,1000,200
6.005020,2.737465,1000,200
6.015503,2.744537,1000,200
6.025986,2.723947,1000,200
6.036461,2.750213,1000,200
6.046944,2.735430,1000,200
6.057426,2.738297,1000,200
6.067902,2.739430,1000,200
6.078384,2.736824,1000,200
6.088860,2.724594,1000,200
6.099342,2.735517,1000,200
6.109825,2.728738,1000,200
6.120300,2.740511,1000,200
6.130783,2.734587,1000,200
6.141266,2.729313,1000,200
6.151741,2.742573,1000,200
6.162224,2.718600,1000,200
6.172707,2.756189,1000,200
6.183182,2.728678,1000,200
6.193665,2.748477,1000,200
6.204140,2.730792,1000,200
6.214622,2.737517,1000,200
6.225105,2.799430,1000,200
6.235580,2.743498,1000,200
6.246063,2.718926,1000,200
6.256546,2.751542,1000,200
6.267021,2.728724,1000,200
6.277504,2.757620,1000,200
6.287979,2.732908,1000,200
6.298462,2.723668,1000,200
6.308945,2.756231,1000,200
6.319420,2.723457,1000,200
6.329903,2.745118,1000,200
6.340385,2.737253,1000,200
6.350861,2.736649,1000,200
6.361343,2.736062,1000,200
6.371826,2.747987,1000,200
6.382301,2.725884,1000,200
6.392784,2.745964,1000,200
6.403259,2.718592,1000,200
6.413742,2.745539,1000,200
6.424225,2.728047,1000,200
6.434700,2.744174,1000,200
6.445183,2.730433,1000,200
6.455666,2.744864,1000,200
6.466141,2.725327,1000,200
6.476624,2.753122,1000,200
6.487106,2.725934,1000,200
6.497581,2.727462,1000,200
6.508064,2.742165,1000,200
6.518539,2.732044,1000,200
6.529022,2.739875,1000,200
6.539505,2.732290,1000,200
6.549980,2.746893,1000,200
6.560463,2.728377,1000,200
6.570946,2.753634,1000,200
6.581421,2.737906,1000,200
6.591904,2.738409,1000,200
6.602386,2.726854,1000,200
6.612862,2.737417,1000,200
6.623344,2.736033,1000,200
6.633820,2.725427,1000,200
6.644302,2.727234,1000,200
6.654785,2.750508,1000,200
6.665260,2.727392,1000,200
6.675743,2.744216,1000,200
6.686226,2.736719,1000,200
6.696701,2.732347,1000,200
6.707184,2.742513,1000,200
6.717659,2.723808,1000,200
6.728142,2.747276,1000,200
6.738625,2.730466,1000,200
6.749100,2.737068,1000,200
6.759583,2.729291,1000,200
6.770065,2.734869,1000,200
6.780540,2.740158,1000,200
6.791023,2.746326,1000,200
6.801506,2.727681,1000,200
6.811981,2.732676,1000,200
6.822464,2.726884,1000,200
6.832939,2.741805,1000,200
6.843422,2.740190,1000,200
6.853905,2.733945,1000,200
6.864380,2.735370,1000,200
6.874863,2.731392,1000,200
6.885345,2.734102,1000,200
6.895821,2.746841,1000,200
6.906303,2.715937,1000,200
6.916786,2.728414,1000,200
6.927261,2.726566,1000,200
6.937744,2.725814,1000,200
6.948219,2.724098,1000,200
6.958702,2.726569,1000,200
6.969185,2.724634,1000,200
6.979660,2.733678,1000,200
6.990143,2.711704,1000,200
7.000626,2.734508,1000,200
7.011101,2.745045,1000,200
7.021584,2.722363,1000,200
7.032066,2.744763,1000,200
7.042542,2.726623,1000,200
7.053024,2.747211,1000,200
7.063499,2.736443,1000,200
7.073982,2.733212,1000,200
7.084465,2.745287,1000,200
7.094940,2.744584,1000,200
7.105423,2.722010,1000,200
7.115906,2.748312,1000,200
7.126381,2.724424,1000,200
7.136864,2.749648,1000,200
7.147346,2.730814,1000,200
7.157822,2.732646,1000,200
7.168304,2.739003,1000,200
7.178780,2.736608,1000,200
7.189262,2.737099,1000,200
7.199745,2.735584,1000,200
7.210220,2.736825,1000,200
7.220703,2.750652,1000,200
7.231186,2.742831,1000,200
7.241661,2.725737,1000,200
7.252144,2.773706,1000,200
7.262619,2.728401,1000,200
7.273102,2.734578,1000,200
7.283585,2.735864,1000,200
7.294060,2.733802,1000,200
7.304543,2.745467,1000,200
7.315025,2.749354,1000,200
7.325500,2.732255,1000,200
7.335983,2.745055,1000,200
7.346466,2.726053,1000,200
7.356941,2.751098,1000,200
7.367424,2.741193,1000,200
7.377899,2.719848,1000,200
7.388382,2.754465,1000,200
7.398865,2.735297,1000,200
7.409340,2.738404,1000,200
7.419823,2.739654,1000,200
7.430305,2.729892,1000,200
7.440781,2.733520,1000,200
7.451263,2.743163,1000,200
7.461746,2.724303,1000,200
7.472221,2.749110,1000,200
7.482704,2.719595,1000,200
7.493179,2.756911,1000,200
7.503662,2.737579,1000,200
7.514145,2.730698,1000,200
7.524620,2.730069,1000,200
7.535103,2.726554,1000,200
7.545586,2.710453,1000,200
7.556061,2.721905,1000,200
7.566544,2.708414,1000,200
7.577026,2.735400,1000,200
7.587502,2.735959,1000,200
7.597984,2.729575,1000,200
7.608459,2.728518,1000,200
7.618942,2.725395,1000,200
7.629425,2.738071,1000,200
7.639900,2.739478,1000,200
7.650383,2.732844,1000,200
7.660866,2.738729,1000,200
7.671341,2.736612,1000,200
7.681824,2.730143,1000,200
7.692307,2.755195,1000,200
7.702782,2.734609,1000,200
7.713264,2.743781,1000,200
7.723740,2.730369,1000,200
7.734222,2.740471,1000,200
7.744705,2.730928,1000,200
7.755180,2.744473,1000,200
7.765663,2.728406,1000,200
7.776146,2.739197,1000,200
7.786621,2.731145,1000,200
7.797104,2.746809,1000,200
7.807579,2.737066,1000,200
7.818062,2.727138,1000,200
7.828545,2.746448,1000,200
7.839020,2.744981,1000,200
7.849503,2.739278,1000,200
7.859985,2.728628,1000,200
7.870461,2.732054,1000,200
7.880943,2.716640,1000,200
7.891426,2.745965,1000,200
7.901901,2.729710,1000,200
7.912384,2.744215,1000,200
7.922859,2.730364,1000,200
7.933342,2.727152,1000,200
7.943825,2.717914,1000,200
7.954300,2.720929,1000,200
7.964783,2.720579,1000,200
7.975266,2.735768,1000,200
7.985741,2.716794,1000,200
7.996223,2.734230,1000,200
8.006706,2.714391,1000,200
8.017181,2.726432,1000,200
8.027664,2.737097,1000,200
8.038139,2.736087,1000,200
8.048622,2.745378,1000,200
8.059105,2.730098,1000,200
8.069580,2.743437,1000,200
8.080063,2.743635,1000,200
8.090546,2.739635,1000,200
8.101021,2.739367,1000,200
8.111504,2.738950,1000,200
8.121986,2.711465,1000,200
8.132462,2.754721,1000,200
8.142944,2.738332,1000,200
8.153419,2.782234,1000,200
8.163902,2.739085,1000,200
8.174385,2.739924,1000,200
8.184860,2.726607,1000,200
8.195343,2.754642,1000,200
8.205826,2.730468,1000,200
8.216301,2.734335,1000,200
8.226784,2.746640,1000,200
8.237267,2.737400,1000,200
8.247742,2.755360,1000,200
8.258224,2.729757,1000,200
8.268700,2.741895,1000,200
8.279182,2.765357,1000,200
8.289665,2.738581,1000,200
8.300140,2.730735,1000,200
8.310623,2.727920,1000,200
8.321106,2.739582,1000,200
8.331581,2.750254,1000,200
8.342064,2.730657,1000,200
8.352539,2.747198,1000,200
8.363022,2.728822,1000,200
8.373505,2.743196,1000,200
8.383980,2.727486,1000,200
8.394463,2.744150,1000,200
8.404945,2.746359,1000,200
8.415421,2.731153,1000,200
8.425903,2.742905,1000,200
8.436386,2.738329,1000,200
8.446861,2.746825,1000,200
8.457344,2.733345,1000,200
8.467819,2.736948,1000,200
8.478302,2.738295,1000,200
8.488785,2.735869,1000,200
8.499260,2.761976,1000,200
8.509743,2.729606,1000,200
8.520226,2.742559,1000,200
8.530701,2.731630,1000,200
8.541183,2.730143,1000,200
8.551666,2.721446,1000,200
8.562141,2.728845,1000,200
8.572624,2.722142,1000,200
8.583099,2.737727,1000,200
8.593582,2.718527,1000,200
8.604065,2.735374,1000,200
8.614540,2.717336,1000,200
8.625023,2.725255,1000,200
8.635506,2.732546,1000,200
8.645981,2.730604,1000,200
8.656464,2.741390,1000,200
8.666946,2.730455,1000,200
8.677422,2.740190,1000,200
8.687904,2.733017,1000,200
8.698380,2.740385,1000,200
8.708862,2.735156,1000,200
8.719345,2.730409,1000,200
8.729820,2.729192,1000,200
8.740303,2.752055,1000,200
8.750786,2.732602,1000,200
8.761261,2.743761,1000,200
8.771744,2.729960,1000,200
8.782227,2.736506,1000,200
8.792702,2.729736,1000,200
8.803185,2.751186,1000,200
8.813660,2.742135,1000,200
8.824142,2.729108,1000,200
8.834625,2.740077,1000,200
8.845100,2.734392,1000,200
8.855583,2.737983,1000,200
8.866066,2.728379,1000,200
8.876541,2.742597,1000,200
8.887024,2.741488,1000,200
8.897499,2.736031,1000,200
8.907982,2.740949,1000,200
8.918465,2.738265,1000,200
8.928940,2.727760,1000,200
8.939423,2.736721,1000,200
8.949905,2.713047,1000,200
8.960381,2.732329,1000,200
8.970863,2.724650,1000,200
8.981346,2.724394,1000,200
8.991821,2.721582,1000,200
9.002304,2.724916,1000,200
9.012779,2.737887,1000,200
9.023262,2.726831,1000,200
9.033745,2.729105,1000,200
9.044220,2.717725,1000,200
9.054703,2.740709,1000,200
9.065186,2.732516,1000,200
9.075661,2.735385,1000,200
9.086143,2.718494,1000,200
9.096626,2.754135,1000,200
9.107101,2.744426,1000,200
9.117584,2.740605,1000,200
9.128059,2.729377,1000,200
9.138542,2.736304,1000,200
9.149025,2.717986,1000,200
9.159500,2.754219,1000,200
9.169983,2.728981,1000,200
9.180466,2.721606,1000,200
9.190941,2.744142,1000,200
9.201424,2.731711,1000,200
9.211906,2.749324,1000,200
9.222382,2.716209,1000,200
9.232864,2.736108,1000,200
9.243340,2.740775,1000,200
9.253822,2.739408,1000,200
9.264305,2.726201,1000,200
9.274780,2.733398,1000,200
9.285263,2.735944,1000,200
9.295746,2.747192,1000,200
9.306221,2.768334,1000,200
9.316704,2.729207,1000,200
9.327187,2.737966,1000,200
9.337662,2.731504,1000,200
9.348145,2.730376,1000,200
9.358620,2.712974,1000,200
9.369102,2.747994,1000,200
9.379585,2.727583,1000,200
9.390060,2.723980,1000,200
9.400543,2.720557,1000,200
9.411026,2.744134,1000,200
9.421501,2.712810,1000,200
9.431984,2.725984,1000,200
9.442459,2.711677,1000,200
9.452942,2.733111,1000,200
9.463425,2.731708,1000,200
9.473900,2.748901,1000,200
9.484383,2.739458,1000,200
9.494865,2.732372,1000,200
9.505341,2.731003,1000,200
9.515823,2.752533,1000,200
9.526306,2.735590,1000,200
9.536781,2.724732,1000,200
9.547264,2.737712,1000,200
9.557739,2.736090,1000,200
9.568222,2.753670,1000,200
9.578705,2.722184,1000,200
9.589180,2.743359,1000,200
9.599663,2.731441,1000,200
9.610146,2.746180,1000,200
9.620621,2.740133,1000,200
9.631104,2.743136,1000,200
9.641586,2.732413,1000,200
9.652061,2.747813,1000,200
9.662544,2.730330,1000,200
9.673019,2.752317,1000,200
9.683502,2.729763,1000,200
9.693985,2.728845,1000,200
9.704460,2.748724,1000,200
9.714943,2.742894,1000,200
9.725426,2.741642,1000,200
9.735901,2.733957,1000,200
9.746384,2.734757,1000,200
9.756866,2.741156,1000,200
9.767342,2.743253,1000,200
9.777824,2.729653,1000,200
9.788300,2.741786,1000,200
9.798782,2.726614,1000,200
9.809265,2.742965,1000,200
9.819740,2.744113,1000,200
9.830223,2.739318,1000,200
9.840706,2.741781,1000,200
9.851181,2.742571,1000,200
9.861664,2.733552,1000,200
9.872147,2.743276,1000,200
9.882622,2.736303,1000,200
9.893105,2.750216,1000,200
9.903580,2.728244,1000,200
9.914062,2.740290,1000,200
9.924545,2.734238,1000,200
9.935020,2.740668,1000,200
9.945503,2.731032,1000,200
9.955986,2.745620,1000,200
9.966461,2.724038,1000,200
9.976944,2.736139,1000,200
9.987419,2.721053,1000,200
9.997902,2.726253,1000,200
10.008385,2.718227,1000,200
10.018860,2.726147,1000,200
10.029343,2.721662,1000,200
10.039825,2.715865,1000,200
10.050301,2.732979,1000,200
10.060783,2.727550,1000,200
10.071266,2.733160,1000,200
10.081741,2.730125,1000,200
10.092224,2.745680,1000,200
10.102699,2.742304,1000,200
10.113182,2.737310,1000,200
10.123665,2.749578,1000,200
10.134140,2.737926,1000,200
10.144623,2.732047,1000,200
10.155106,2.749935,1000,200
10.165581,2.724434,1000,200
10.176064,2.747571,1000,200
10.186546,2.729748,1000,200
10.197021,2.741751,1000,200
10.207504,2.735786,1000,200
10.217979,2.724407,1000,200
10.228462,2.737648,1000,200
10.238945,2.738378,1000,200
10.249420,2.727485,1000,200
10.259903,2.728982,1000,200
10.270386,2.733119,1000,200
10.280861,2.738041,1000,200
10.291344,2.742862,1000,200
10.301826,2.721714,1000,200
10.312302,2.749629,1000,200
10.322784,2.749060,1000,200
10.333260,2.738922,1000,200
10.343742,2.726419,1000,200
10.354225,2.740547,1000,200
10.364700,2.730964,1000,200
10.375183,2.740326,1000,200
10.385666,2.736332,1000,200
10.396141,2.729223,1000,200
10.406624,2.737754,1000,200
10.417099,2.729839,1000,200
10.427582,2.756651,1000,200
10.438065,2.726483,1000,200
10.448540,2.738682,1000,200
10.459023,2.740185,1000,200
10.469505,2.739229,1000,200
10.479980,2.717642,1000,200
